[
  {
    "model": "computers.computer",
    "pk": 1,
    "fields": {
      "name": "MacBook Pro 14",
      "category": "laptop",
      "price": "1999.00",
      "description": "Apple M-series performance laptop",
      "image": "computers/macbook_pro.png",
      "created_at": "2024-01-01T00:00:00Z"
    }
  },
  {
    "model": "computers.computer",
    "pk": 2,
    "fields": {
      "name": "Dell XPS 13",
      "category": "laptop",
      "price": "1299.00",
      "description": "Compact premium ultrabook",
      "image": "computers/dell_xps.png",
      "created_at": "2024-01-02T00:00:00Z"
    }
  },
  {
    "model": "computers.computer",
    "pk": 3,
    "fields": {
      "name": "HP Omen 16",
      "category": "laptop",
      "price": "1499.00",
      "description": "Gaming laptop",
      "image": "computers/hp_omen.png",
      "created_at": "2024-01-03T00:00:00Z"
    }
  },
  {
    "model": "computers.computer",
    "pk": 4,
    "fields": {
      "name": "Lenovo ThinkPad X1",
      "category": "laptop",
      "price": "1699.00",
      "description": "Business ultrabook",
      "image": "computers/lenovo_thinkpad.png",
      "created_at": "2024-01-04T00:00:00Z"
    }
  },
  {
    "model": "computers.computer",
    "pk": 5,
    "fields": {
      "name": "Custom PC RGB",
      "category": "desktop",
      "price": "1799.00",
      "description": "Ryzen + RTX desktop build",
      "image": "computers/custom_pc.png",
      "created_at": "2024-01-05T00:00:00Z"
    }
  }
]